Both,Direct
Aunglan,Padaung
Gyobingauk,Chauk
Hopong,Gangaw
Kalaw,Mindon
Kamma,Myaing
Lawksawk,Ngape
Letpadan,Pakokku
Lewe,Pauk
Magway,Pwint Phyu
Mahlaing,Saw
Meiktila,Sidoktaya
Minbu,Taungtha
Minhla,Yesagyo
Monyo,Kale
Myothit,Kyaukme
Natmauk,Kyaukpadaung
Nattalin,Kyaukse
Nyaunglebin,Madaya
Nyaungshwe,Maymyo
Okpho,Mogok
Patheingyi,Myingyan
Paungde,Myittha
Phyu,Natogyi
Pindaya,Ngazun
Pinlaung,Sagaing
Pwintbyu,Singu
Pyawbwe,Tada-U
Pyay,Thabeikkyin
Salin,Wundwin
Shwedaung,Daik-U
Sinbaungwe,Kawa
Tatkon,Kyaukkyi
Taungdwingyi,Paukkhaung
Taunggyi,Shwegyin
Thayet,Taungoo
Thazi,Thanatpin
Thegon,Tharrawaddy
Yamethin,Waw
Yedashe,Banmauk
Yenangyaung,Budalin
Yinmarbin,Indaw
Ywangan,Kalewa
Zay Yar Thi Ri,Kanbalu
Zigon,Kani
,Katha
,Kawlin